idx,avg
1,-2.144377565
2,-2.089166234
3,-1.98766445
4,-2.454554181
5,-2.485217981
6,-2.460255017
7,-2.201770719
8,-2.425831327
9,-2.165644629
10,-2.466584737
11,-2.46364449
12,-2.0687985
13,-2.077635057
14,-2.246053219
15,-2.20532054
16,-2.213499771
17,-2.477473498
18,-2.113940264
19,-2.219432555
20,-2.144975257
21,-2.452204221
22,-2.612728433
23,-2.156331249
24,-2.148096765
25,-2.451613107
26,-2.411756194
27,-2.184542541
28,-2.444107201
29,-2.134541169
30,-2.400765348
31,-2.176261124
32,-2.469026852
33,-2.461239106
34,-2.114123674
35,-2.161564159
36,-2.118650197
37,-2.126076264
38,-2.109700646
39,-2.177979697
40,-2.116971895
41,-2.450661794
42,-2.302090247
43,-2.195789249
44,-2.257328377
45,-2.172973142
46,-2.460452423
47,-2.120902465
48,-2.236606426
49,-2.42700756
50,-2.190332046
51,-2.474324303
52,-2.498670136
53,-2.44727376
54,-2.476990068
55,-2.47479873
56,-2.262360582
57,-2.491004173
58,-2.184576709
59,-2.139254351
60,-2.181706853
61,-2.261279664
62,-2.17744396
63,-2.150057625
64,-2.321846659
65,-2.525140701
66,-2.165210102
67,-2.491337641
68,-2.498247039
69,-2.207663162
70,-2.114215603
71,-2.465574826
72,-2.444428546
73,-1.993455923
74,-2.125444642
75,-2.405435831
76,-2.201903588
77,-2.095107647
78,-2.452463798
79,-2.434073346
80,-2.163132718
81,-2.101062357
82,-2.00718914
83,-2.157846173
84,-2.439421776
85,-2.133178424
86,-2.06109406
87,-2.397533534
88,-2.136556955
89,-2.209914016
90,-2.198794299
91,-2.035212242
92,-1.970909911
93,-2.120262057
94,-2.2357807
95,-2.471132608
96,-2.14682505
97,-2.150694124
98,-2.475198823
99,-2.471068796
100,-2.436461886
101,-2.494976476
102,-2.482239296
103,-2.400323763
104,-2.114655915
105,-2.525423374
106,-2.22307727
107,-2.426418366
108,-2.183381471
109,-2.416104075
110,-2.208251507
111,-2.519074418
112,-2.232945655
113,-2.197473043
114,-2.121255105
115,-2.424588773
116,-2.260451634
117,-2.204833616
118,-2.175843479
119,-2.198826992
120,-2.526467683
121,-2.459702813
122,-2.134502975
123,-2.189567764
124,-2.482322606
125,-2.219936382
126,-2.163311244
127,-2.469959712
128,-2.439346839
129,-2.010283239
130,-2.154808625
131,-2.18095758
132,-2.453553917
133,-2.223234985
134,-2.44110757
135,-2.094255682
136,-2.468923695
137,-2.24359782
138,-2.145216719
139,-2.128436431
140,-2.06898149
141,-2.068214706
142,-2.093767785
143,-2.427540167
144,-2.274472236
145,-2.098150548
146,-2.192960451
147,-2.453091978
148,-2.455657871
149,-2.120585259
150,-2.439733346
151,-2.175238264
152,-2.180995304
153,-2.160795993
154,-2.496328065
155,-2.485446581
156,-2.320981681
157,-2.241474304
158,-2.169654345
159,-2.240296141
160,-2.462353236
161,-2.167517418
162,-2.455412765
163,-2.132469641
164,-2.438641811
165,-2.15732548
166,-2.467381561
167,-2.49790956
168,-2.532476649
169,-2.469114526
170,-2.199639696
171,-2.500044635
172,-2.249607083
173,-2.227420535
174,-2.135617862
175,-2.150541516
176,-2.301524698
177,-2.53640568
178,-2.428006202
179,-2.501345704
180,-2.296599714
181,-2.202502347
182,-2.464321628
183,-2.469626675
184,-2.401761153
185,-2.160577735
186,-2.426181585
187,-2.20000733
188,-2.467641
189,-2.504903936
190,-2.431048004
191,-2.291613633
192,-2.203793748
193,-2.281830838
194,-2.094558993
195,-2.301729495
196,-2.482559552
197,-2.274406306
198,-2.19145734
199,-2.207605154
200,-2.277132383
201,-2.071165114
202,-2.124843595
203,-2.090922225
204,-2.278133948
205,-2.175841696
206,-2.497457621
207,-2.437406292
208,-2.242526606
209,-2.44591082
210,-2.087025459
211,-2.135422566
212,-2.431951216
213,-2.171757072
214,-2.485357425
215,-2.462403289
216,-2.189389345
217,-2.135965249
218,-2.515390613
219,-2.476536978
220,-2.123488539
221,-2.208364239
222,-2.458813285
223,-2.307852383
224,-2.675260148
225,-2.21702602
226,-2.121211176
227,-2.16555424
228,-2.452272639
229,-2.213639202
230,-2.473488953
231,-2.241495238
232,-2.214933577
233,-2.517077522
234,-2.531594801
235,-2.488570391
236,-2.282538647
237,-2.505575522
238,-2.232953407
239,-2.262991126
240,-2.226253248
241,-2.471048393
242,-2.461746216
243,-2.500925983
244,-2.268076942
245,-2.498435446
246,-2.15151379
247,-2.479259179
248,-2.454293543
249,-2.466378648
250,-2.465196628
251,-2.205892589
252,-2.197965606
253,-2.473280822
254,-2.5033689
255,-2.284523136
256,-2.23245453
257,-2.198967239
258,-2.150273692
259,-2.252548677
260,-2.297879965
261,-2.411165065
262,-2.244238761
263,-2.157515028
264,-2.24986111
265,-2.199904544
266,-2.454859504
267,-2.451273619
268,-2.115955888
269,-2.41578493
270,-2.119189184
271,-2.156353121
272,-2.515863302
273,-2.471147003
274,-2.48552122
275,-2.297875617
276,-2.15789975
277,-2.308259348
278,-2.535991546
279,-2.177782656
280,-2.277174769
281,-2.520662203
282,-2.526445272
283,-2.504547243
284,-2.304281055
285,-2.502413353
286,-2.463350829
287,-2.200824191
288,-2.479711349
289,-2.468969711
290,-2.464470858
291,-2.476346595
292,-2.456797178
293,-2.219700548
294,-2.473922884
295,-2.341085552
296,-2.258625897
297,-2.188188919
298,-2.186149126
299,-2.219406152
300,-2.189092916
301,-2.073390107
302,-2.136694473
303,-2.120293239
304,-2.494580342
305,-2.602303012
306,-2.193172092
307,-2.498997572
308,-2.454349994
309,-2.122705713
310,-2.157356661
311,-2.413662315
312,-2.089832935
313,-2.464609286
314,-2.179734269
315,-2.328803921
316,-2.22784983
317,-2.504071942
318,-2.563495686
319,-2.160294307
320,-2.437838711
321,-2.1730314
322,-2.452581138
323,-2.228857126
324,-2.260381105
325,-2.47373537
326,-2.498094631
327,-2.466589252
328,-2.125673362
329,-2.011878
330,-2.079780113
331,-2.082957489
332,-2.224555089
333,-2.471651981
334,-2.48356181
335,-2.120695288
336,-2.332453558
337,-2.413042977
338,-2.194567437
339,-2.085168837
340,-2.076570437
341,-2.554593577
342,-2.099579083
343,-2.489827385
344,-2.30290725
345,-2.325310131
346,-2.246272414
347,-2.481231917
348,-2.13149602
349,-2.444651965
350,-2.416549372
351,-2.075134535
352,-2.181751794
353,-2.208473278
354,-2.495112687
355,-2.473616981
356,-2.488633635
357,-2.278212199
358,-2.540925523
359,-2.217521476
360,-2.232508436
361,-2.39675386
362,-2.094411608
363,-2.414040966
364,-2.473438662
365,-2.218406268
366,-2.248957163
367,-2.355644459
368,-2.56325786
369,-2.535478992
370,-2.448822622
371,-2.536277674
372,-2.178030378
373,-2.208610298
374,-2.174730578
375,-2.187345568
376,-2.509842675
377,-2.57581628
378,-2.563450416
379,-2.29478418
380,-2.265692687
381,-2.434458181
382,-2.158783662
383,-2.479949263
384,-2.45641318
385,-2.171315862
386,-2.475345103
387,-2.323119961
388,-2.537180441
389,-2.497575968
390,-2.194772571
391,-2.043879533
392,-2.455953584
393,-2.243655844
394,-2.49688392
395,-2.183480542
396,-2.227048904
397,-2.238966915
398,-2.190167675
399,-2.152331769
400,-2.455208031
401,-2.227388661
402,-2.440126063
403,-2.274119273
404,-2.398407267
405,-2.057629454
406,-2.110523014
407,-2.472375224
408,-2.138231928
409,-2.217937176
410,-2.257055728
411,-2.160450846
412,-2.096878218
413,-2.450104391
414,-2.089809508
415,-2.065036038
416,-2.088530406
417,-2.454929712
418,-2.484504344
419,-2.206364483
420,-2.470058334
421,-2.183469162
422,-2.465099963
423,-2.10393484
424,-2.064646789
425,-2.087842989
426,-2.034637234
427,-2.108210439
428,-2.208758881
429,-2.47227853
430,-2.299322587
431,-2.506430976
432,-2.178253194
433,-2.415762905
434,-2.204906361
435,-2.443053428
436,-2.097439432
437,-2.044339116
438,-2.074640937
439,-2.2244437
440,-2.513317368
441,-2.316586201
442,-2.494084918
443,-2.282784189
444,-2.135787467
445,-2.440896175
446,-2.391250853
447,-2.048091139
448,-2.444643398
449,-2.197660144
450,-2.463474538
451,-2.49805035
452,-2.48007564
453,-2.495817837
454,-2.183639663
455,-2.09581981
456,-2.067818025
457,-2.277736474
458,-2.449105462
459,-2.485106829
460,-2.222332435
461,-2.500369834
462,-2.215528845
463,-2.302580089
464,-2.5434532
465,-2.520923433
466,-2.122940949
467,-2.099178221
468,-2.470371089
469,-2.19524722
470,-2.21083152
471,-2.199369795
472,-2.471272297
473,-2.465787333
474,-2.267208954
475,-2.469796428
476,-2.148088844
477,-2.2229367
478,-2.461349324
479,-2.216021967
480,-2.511871426
481,-2.478281999
482,-2.228083737
483,-2.577544012
484,-2.203457721
485,-2.494764069
486,-2.1572804
487,-2.412122355
488,-2.127960837
489,-2.170262413
490,-2.27733671
491,-2.478280916
492,-2.200014843
493,-2.402282719
494,-2.174740927
495,-2.413051006
496,-2.131030353
497,-2.136104246
498,-2.428914693
499,-2.444262208
500,-2.504082688
501,-2.225371837
502,-2.201546106
503,-2.051397882
504,-2.132266083
505,-2.111147292
506,-2.474781464
507,-2.178681405
508,-2.250751596
509,-2.491422392
510,-2.2405076
511,-2.114367357
512,-2.434318349
513,-2.067054936
514,-2.154237742
515,-2.613549053
516,-2.179565365
517,-2.412915701
518,-2.148876218
519,-2.21178337
520,-2.474521493
521,-2.218440851
522,-2.457000742
523,-2.176020806
524,-2.150625131
525,-2.212974898
526,-2.404698387
527,-2.117441828
528,-2.084027165
529,-2.468971495
530,-2.475950229
531,-2.195092733
532,-2.12273907
533,-2.441989695
534,-2.43131002
535,-2.065674075
536,-2.022949814
537,-2.010156163
538,-2.122192436
539,-2.178877808
540,-2.218222883
541,-2.511000888
542,-2.466782591
543,-2.266055854
544,-2.211331762
545,-2.259836658
546,-2.078572867
547,-2.021095522
548,-2.015661246
549,-2.22516253
550,-2.498998404
551,-2.316565637
552,-2.456609892
553,-2.477366209
554,-2.489165431
555,-2.493428572
556,-2.148785992
557,-2.124126853
558,-2.58325331
559,-2.528029062
560,-2.496329661
561,-2.430078576
562,-2.164846339
563,-2.114318876
564,-2.177230876
565,-2.268177335
566,-2.515460547
567,-2.466225758
568,-2.193444506
569,-2.457725339
570,-2.293848168
571,-2.078228141
572,-2.142623348
573,-2.401128871
574,-2.149064076
575,-2.451461695
576,-2.24947408
577,-2.464029519
578,-2.367194326
579,-2.136267194
580,-2.171583777
581,-2.229343279
582,-2.09610394
583,-2.573634952
584,-2.064052203
585,-2.244235268
586,-2.131940176
587,-2.210904381
588,-2.161327986
589,-2.526717302
590,-2.503883386
591,-2.591761393
592,-2.096583014
593,-2.182420039
594,-2.407170896
595,-2.188197873
596,-2.413265007
597,-2.092739748
598,-2.168710696
599,-2.533842167
600,-2.472279227
601,-2.072139004
602,-2.047001666
603,-2.145498321
604,-2.285114896
605,-2.298365433
606,-2.56601308
607,-2.486062139
608,-2.228024584
609,-2.468476714
610,-2.13185127
611,-2.448259745
612,-2.211383475
613,-2.49426051
614,-2.50733768
615,-2.528122438
616,-2.519545467
617,-2.2838155
618,-2.315611328
619,-2.19570379
620,-2.201257794
621,-2.516502068
622,-2.489060367
623,-2.247996901
624,-2.519782573
625,-2.497348473
626,-2.266365254
627,-2.443889196
628,-2.45695077
629,-2.57294098
630,-2.475846798
631,-2.500011162
632,-2.246892531
633,-2.476040499
634,-2.195253231
635,-2.035312985
636,-2.078619024
637,-2.164147349
638,-2.172405331
639,-2.158165695
640,-2.204621573
641,-2.233922011
642,-2.423908789
643,-2.140501094
644,-2.152564879
645,-2.458200062
646,-2.231704235
647,-2.461144725
648,-2.167457075
649,-2.472795728
650,-2.164354861
651,-2.478417662
652,-2.166081889
653,-2.145927129
654,-2.463284935
655,-2.18021519
656,-2.461197136
657,-2.101313519
658,-2.498460141
659,-2.45354336
660,-2.457484486
661,-2.076845857
662,-2.11162284
663,-2.483381207
664,-2.307227827
665,-2.165998062
666,-2.266717072
667,-2.08770353
668,-2.321555275
669,-2.143589051
670,-2.200907931
671,-2.031411216
672,-2.206242521
673,-2.517485648
674,-2.516007141
675,-2.524627145
676,-2.493861302
677,-2.177077339
678,-2.420051204
679,-2.420065277
680,-1.987937455
681,-2.071946553
682,-1.978077553
683,-2.15300013
684,-2.522845261
685,-2.366316973
686,-2.417598158
687,-2.481685423
688,-2.180935596
689,-2.134273435
690,-2.100264873
691,-2.41678157
692,-2.028727033
693,-2.132175247
694,-2.476023729
695,-2.272861709
696,-2.528296251
697,-2.219575869
698,-2.245534611
699,-2.537086708
700,-2.165503853
701,-2.213711178
702,-2.133785723
703,-2.160772856
704,-2.488054129
705,-2.22087321
706,-2.513578134
707,-2.492072189
708,-2.19130945
709,-2.452590397
710,-2.113239504
711,-2.44858567
712,-2.468838486
713,-2.260641401
714,-2.523095246
715,-2.344581766
716,-2.273147419
717,-2.112326559
718,-2.133878547
719,-2.191188387
720,-2.490264619
721,-2.554550614
722,-2.328005416
723,-2.144934475
724,-2.48159816
725,-2.146363017
726,-2.471464517
727,-2.460226353
728,-2.178700449
729,-2.577434314
730,-2.671562685
731,-2.493941481
732,-2.441718303
733,-2.123007358
734,-2.183301549
735,-2.20757733
736,-2.259912015
737,-2.47032284
738,-2.189647134
739,-2.249559487
740,-2.547862365
741,-2.536613713
742,-2.351291971
743,-2.145069879
744,-2.167989987
745,-2.453359061
746,-2.438617538
747,-2.222267121
748,-2.448131718
749,-2.186473703
750,-2.535648912
751,-2.499937987
752,-2.515673175
753,-2.456555943
754,-2.128368696
755,-2.167607263
756,-2.468792252
757,-2.498356449
758,-2.246072747
759,-2.302956039
760,-2.277901423
761,-2.47319002
762,-2.226028595
763,-2.269242375
764,-2.502667059
765,-2.46630603
766,-2.135254691
767,-2.182701159
768,-2.15097266
769,-2.483590485
770,-2.504832066
771,-2.452145142
772,-2.230965584
773,-2.471267805
774,-2.228281804
775,-2.409133939
776,-2.143479038
777,-2.399688009
778,-2.152081858
779,-2.216152642
780,-2.301424712
781,-2.164003885
782,-2.116945805
783,-2.184106156
784,-2.414231918
785,-2.225109852
786,-2.100781311
787,-2.182506855
788,-2.048863204
789,-2.174913275
790,-2.461687095
791,-2.449994942
792,-2.12348508
793,-2.191160584
794,-2.085656345
795,-2.272435322
796,-2.427673299
797,-2.110983947
798,-2.053184633
799,-2.098098476
800,-2.10123112
801,-2.12490732
802,-2.387999063
803,-2.541079417
804,-2.423105161
805,-2.134556954
806,-2.461422795
807,-2.499649372
808,-2.278519357
809,-2.487328577
810,-2.085372967
811,-2.156948144
812,-2.152270217
813,-2.202193166
814,-2.10096327
815,-2.475423768
816,-2.254845463
817,-2.487647375
818,-2.474980786
819,-2.153737156
820,-2.437514871
821,-2.420307727
822,-2.146946178
823,-2.442829921
824,-2.400905258
825,-2.185645137
826,-2.121046207
827,-2.512789538
828,-2.20720919
829,-2.43849503
830,-2.210524332
831,-2.418136984
832,-2.150403106
833,-2.171568795
834,-2.175393009
835,-2.090125537
836,-2.184453342
837,-2.49788364
838,-2.19474314
839,-2.059146496
840,-2.210003523
841,-2.195551307
842,-2.397539998
843,-2.00679952
844,-2.522306155
845,-2.566255918
846,-2.064251748
847,-2.114277891
848,-2.464864634
849,-2.439648678
850,-2.061934797
851,-2.481618407
852,-2.196364134
853,-2.180096603
854,-2.180447996
855,-2.440928932
856,-2.208870254
857,-2.114389732
858,-2.141916115
859,-2.198810666
860,-2.202910275
861,-2.121319545
862,-2.447092087
863,-2.428415188
864,-2.146247202
865,-2.576191517
866,-2.089907214
867,-2.465327187
868,-2.256223455
869,-2.188826487
870,-2.503343634
871,-2.159850647
872,-2.223630988
873,-2.168731974
874,-2.584670624
875,-2.110857202
876,-2.184735297
877,-2.194678327
878,-2.471591812
879,-2.449452932
880,-2.054005284
881,-2.048644807
882,-2.452182081
883,-2.435699388
884,-2.055250841
885,-2.025421792
886,-2.396986721
887,-2.206583627
888,-2.485912876
889,-2.13323367
890,-2.067272475
891,-2.09379781
892,-2.295078808
893,-2.145945256
894,-2.135846132
895,-2.201467322
896,-2.146785875
897,-2.516680257
898,-2.473807889
899,-2.065280168
900,-2.052458448
901,-2.179001223
902,-2.469358705
903,-2.184670254
904,-2.478691782
905,-2.503169994
906,-2.160229486
907,-2.149245057
908,-2.049119057
909,-2.189730868
910,-2.46212416
911,-2.315131308
912,-2.518882135
913,-2.278195482
914,-2.167529825
915,-2.496910194
916,-2.470463821
917,-2.420639566
918,-2.018872102
919,-2.424931487
920,-2.166005905
921,-2.095823082
922,-2.476934431
923,-2.48323276
924,-2.49803913
925,-2.126901309
926,-2.154014091
927,-2.329751974
928,-2.47047953
929,-2.257475103
930,-2.079789299
931,-2.223766941
932,-2.197058323
933,-2.34010001
934,-2.521835283
935,-2.164384954
936,-2.194712822
937,-2.493014186
938,-2.223977555
939,-2.520344036
940,-2.455266767
941,-2.447301974
942,-2.106093006
943,-2.449950403
944,-2.498452649
945,-2.538718016
946,-2.521182378
947,-2.376713128
948,-2.481989099
949,-2.337290566
950,-2.501104196
951,-2.226621585
952,-2.229014915
953,-2.159886482
954,-2.197739004
955,-2.228898724
956,-2.481777182
957,-2.675864797
958,-2.49034512
959,-2.280146025
960,-2.152209014
961,-2.140646768
962,-2.504140135
963,-2.453457728
964,-2.126506561
965,-2.429674461
966,-2.189039284
967,-2.205773778
968,-2.270152604
969,-2.081283571
970,-2.232065451
971,-2.476557959
972,-2.530597529
973,-2.51876572
974,-2.24383293
975,-2.054156375
976,-2.056233811
977,-2.449501556
978,-2.037834637
979,-2.122888692
980,-2.087773922
981,-2.202726071
982,-2.150246189
983,-2.306113823
984,-2.505492099
985,-2.446471991
986,-2.177691309
987,-2.046486543
988,-2.163784812
989,-2.43325058
990,-2.037088123
991,-2.119338338
992,-2.131521198
993,-2.496353617
994,-2.2098194
995,-2.07335151
996,-2.404270215
997,-1.984964637
998,-2.580964394
999,-2.160114614
1000,-2.469286642
1001,-2.440830439
1002,-2.06359415
1003,-2.110004591
1004,-2.478699179
1005,-2.246877986
1006,-2.527996242
1007,-2.516117964
1008,-2.504771555
1009,-2.169501959
1010,-2.416180101
1011,-2.176927667
1012,-2.571095539
1013,-2.13557726
1014,-2.520543818
1015,-2.212522913
1016,-2.318184314
1017,-2.505136713
1018,-2.321980908
1019,-2.550558504
1020,-2.236283564
1021,-2.486826077
1022,-2.439582235
1023,-2.145187603
1024,-2.412648507
1025,-2.263120301
1026,-2.437327823
1027,-2.210277408
1028,-2.446327858
1029,-2.144404652
1030,-2.113652123
1031,-2.221864891
1032,-2.128541082
1033,-2.244122171
1034,-2.43808309
1035,-2.262730156
1036,-2.466240329
1037,-2.192516433
1038,-2.103967092
1039,-2.205745199
1040,-2.091166973
1041,-2.509198536
1042,-2.129428984
1043,-2.424291004
1044,-2.163603942
1045,-2.432331698
1046,-2.522419937
1047,-2.203578145
1048,-2.125120655
1049,-2.440353031
1050,-2.46957199
1051,-2.323407664
1052,-2.603949916
1053,-2.24640307
1054,-2.246427167
1055,-2.468290224
1056,-2.275114261
1057,-2.499765327
1058,-2.511524721
1059,-2.254049035
1060,-2.520250969
1061,-2.486429973
1062,-2.199417224
1063,-2.479120578
1064,-2.513197559
1065,-2.508116529
1066,-2.538791816
1067,-2.254751486
1068,-2.519136408
1069,-2.421625099
1070,-2.242559936
1071,-2.345508281
1072,-2.258581965
1073,-2.489449747
1074,-2.382202733
1075,-2.50458022
1076,-2.491978263
1077,-2.222572589
1078,-2.531649961
1079,-2.547624898
1080,-2.50318742
1081,-2.490437152
1082,-2.454016475
1083,-2.197944974
1084,-2.503899563
1085,-2.211887866
1086,-2.171503369
1087,-2.148053449
1088,-2.206972273
1089,-2.489693097
1090,-2.257913709
1091,-2.287897085
1092,-2.117182458
1093,-2.275456875
1094,-2.53033218
1095,-2.507446843
1096,-2.214606265
1097,-2.147967361
1098,-2.475447928
1099,-2.270011336
1100,-2.185704356
1101,-2.143863876
1102,-2.205394138
1103,-2.438682863
1104,-2.065031229
1105,-2.160495024
1106,-2.067562368
1107,-2.43076912
1108,-2.069579342
1109,-2.458463193
1110,-2.233253271
1111,-2.063611781
1112,-2.073762573
1113,-2.149188912
1114,-2.494800628
1115,-2.136682657
1116,-2.463901773
1117,-2.087959741
1118,-2.084021378
1119,-2.069270845
1120,-2.454648686
1121,-2.190235149
1122,-2.213445713
1123,-2.110998125
1124,-2.490652768
1125,-2.498724891
1126,-2.152702926
1127,-2.186686049
1128,-2.480365058
1129,-2.204737818
1130,-2.067124114
1131,-2.451509992
1132,-2.492828481
1133,-2.490599031
1134,-2.165065114
1135,-2.173087089
1136,-2.100531442
1137,-2.485342509
1138,-2.519215308
1139,-2.104120021
1140,-2.180973063
1141,-2.307762321
1142,-2.50961348
1143,-2.543800107
1144,-2.214922364
1145,-2.135833958
1146,-2.150182512
1147,-2.128514163
1148,-2.479502907
1149,-2.246840369
1150,-2.459720623
1151,-2.497139463
1152,-2.266046035
1153,-2.122500303
1154,-2.544553191
1155,-2.113084044
1156,-2.417445282
1157,-2.207168575
1158,-2.084121956
1159,-2.217706858
1160,-2.506313787
1161,-2.18857441
1162,-2.471262456
1163,-2.051309001
1164,-2.0330944
1165,-2.10065604
1166,-2.210018771
1167,-2.48370303
1168,-2.214534568
1169,-2.124282771
1170,-2.464855922
1171,-2.398945506
1172,-2.100325115
1173,-1.959574151
1174,-2.110521135
1175,-2.442185261
1176,-2.480270334
1177,-2.190826578
1178,-2.451758821
1179,-2.428800692
1180,-2.157908957
1181,-2.070106611
1182,-2.168386188
1183,-2.029905126
1184,-2.391446607
1185,-2.164867855
1186,-2.445291851
1187,-2.17848129
1188,-2.459428875
1189,-2.171401673
1190,-2.213678276
1191,-2.451740353
1192,-2.077768391
1193,-2.121110815
1194,-2.430854244
1195,-2.134558054
1196,-2.06772369
1197,-2.178854927
1198,-2.094001999
1199,-2.467344409
1200,-2.136124275
1201,-2.433181587
1202,-2.080258331
1203,-2.125036562
1204,-2.108898381
1205,-2.095886176
1206,-2.012603709
1207,-2.069741164
1208,-2.441284034
1209,-2.472914742
1210,-2.101182008
1211,-2.267985192
1212,-2.47958601
1213,-2.116572603
1214,-2.157830348
1215,-2.414072639
1216,-2.166834279
1217,-2.098052515
1218,-2.274156633
1219,-2.351080352
1220,-2.490333502
1221,-2.513267039
1222,-2.235832727
1223,-2.497554705
1224,-2.474492954
1225,-2.23478443
1226,-2.45162677
1227,-2.236397389
1228,-2.428918169
1229,-2.512636292
1230,-2.71146681
1231,-2.169458721
1232,-2.194936216
1233,-2.156628784
1234,-2.481429155
1235,-2.48055783
1236,-2.478402519
1237,-2.582803408
1238,-2.36174347
1239,-2.525601152
1240,-2.347121317
1241,-2.187291997
1242,-2.465113537
1243,-2.272874551
1244,-2.429869902
1245,-2.261423042
1246,-2.166596164
1247,-2.255416059
1248,-2.453562412
1249,-2.605663113
1250,-2.455616471
1251,-2.076327996
1252,-2.470938687
1253,-2.173085671
1254,-2.505676872
1255,-2.18839454
1256,-2.115224904
1257,-2.099372231
1258,-2.413751682
1259,-2.12444263
1260,-2.027681771
1261,-2.079099804
1262,-2.095741279
1263,-2.162680798
1264,-2.469780612
1265,-2.263768847
1266,-2.466025539
1267,-2.457335487
1268,-2.208644064
1269,-2.125222591
1270,-2.152378369
1271,-2.471881958
1272,-2.157853662
1273,-2.193926995
1274,-2.447100186
1275,-2.246194229
1276,-2.146752059
1277,-2.505169944
1278,-2.093669212
1279,-2.427978267
1280,-2.197575197
1281,-2.145349392
1282,-2.478266308
1283,-2.468096409
1284,-2.21862943
1285,-2.432310514
1286,-2.279620397
1287,-2.422908872
1288,-2.237087414
1289,-2.407977757
1290,-2.160592839
1291,-2.080560903
1292,-2.194613015
1293,-2.477983686
1294,-2.277875123
1295,-2.533715828
1296,-2.253766362
1297,-2.472645912
1298,-2.2590015
1299,-2.103924251
1300,-2.024718009
1301,-2.169288246
1302,-2.116399707
1303,-2.12887222
1304,-2.41616169
1305,-2.107504427
1306,-2.173807417
1307,-2.476812045
1308,-2.479409973
1309,-2.144441205
1310,-2.164875
1311,-2.262457949
1312,-2.48113228
1313,-2.151081315
1314,-2.170815711
1315,-2.188021916
1316,-2.16312268
1317,-2.52871417
1318,-2.248763301
1319,-2.238054168
1320,-2.474802794
1321,-2.483875084
1322,-2.471847541
1323,-2.207617888
1324,-2.462940765
1325,-2.495555312
1326,-2.331048352
1327,-2.471200358
1328,-2.266705153
1329,-2.430359154
1330,-2.45171021
1331,-2.220397323
1332,-2.160246545
1333,-2.144523138
1334,-2.133825795
1335,-2.474884507
1336,-2.467409833
1337,-2.469801843
1338,-2.157141242
1339,-2.131775713
1340,-2.214031492
1341,-2.175957978
1342,-2.098791903
1343,-2.402737909
1344,-2.141557017
1345,-2.084525746
1346,-2.183960839
1347,-2.184564233
1348,-2.218035988
1349,-2.177406506
1350,-2.506204189
1351,-2.18254653
1352,-2.135774623
1353,-2.420833825
1354,-2.413075847
1355,-2.03086063
1356,-2.095578827
1357,-2.458550245
1358,-2.19992486
1359,-2.526199848
1360,-2.520540155
1361,-2.510715733
1362,-2.217496187
1363,-2.116606757
1364,-2.149758645
1365,-2.131727466
1366,-2.105012047
1367,-2.162426425
1368,-2.483259279
1369,-2.495086894
1370,-2.265541979
1371,-2.50390001
1372,-2.20190954
1373,-2.404978759
1374,-2.092307853
1375,-2.463970872
1376,-2.463125512
1377,-2.132083301
1378,-2.151948139
1379,-2.264092563
1380,-2.264180674
1381,-2.489533542
1382,-2.498352205
1383,-2.189365817
1384,-2.053753865
1385,-2.430816581
1386,-2.125498253
1387,-2.188884388
1388,-2.128674757
1389,-2.150913455
1390,-2.46241611
1391,-2.162707086
1392,-2.479451068
1393,-2.083973242
1394,-2.149883035
1395,-2.144932317
1396,-2.431770639
1397,-2.149930653
1398,-2.17635181
1399,-2.451750609
1400,-2.185577226
1401,-2.184876315
1402,-2.443051372
1403,-2.172735068
1404,-2.211641156
1405,-2.440964659
1406,-2.453793762
1407,-2.141460195
1408,-2.409715962
1409,-2.055729905
1410,-2.117049214
1411,-2.047755643
1412,-2.102955264
1413,-2.435401948
1414,-2.099105703
1415,-2.162448619
1416,-2.149841439
1417,-2.070497233
1418,-2.136158489
1419,-2.10766329
1420,-2.404117895
1421,-2.17004562
1422,-2.061872011
1423,-2.046574582
1424,-2.097384675
1425,-2.448467999
1426,-2.057584162
1427,-2.071106783
1428,-2.428637265
1429,-2.430759176
1430,-2.122949455
1431,-2.435246761
1432,-2.042771346
1433,-2.028772929
1434,-2.434648454
1435,-2.140275823
1436,-2.043959638
1437,-2.454295464
1438,-2.221163732
1439,-2.189060509
1440,-2.459821397
1441,-2.210362984
1442,-2.185601159
1443,-2.092704467
1444,-2.068134464
1445,-2.104223754
1446,-2.219200459
1447,-2.156726222
1448,-2.491686596
1449,-2.224627721
1450,-2.447691199
1451,-2.470244579
1452,-2.482394898
1453,-2.182051108
1454,-2.072043107
1455,-2.451535662
1456,-2.447904017
1457,-2.20973181
1458,-2.45124748
1459,-2.169517382
1460,-2.198126346
1461,-2.156313997
1462,-2.509122766
1463,-2.528828718
1464,-2.119247664
1465,-2.084779106
1466,-2.125375417
1467,-2.489160748
1468,-2.274365497
1469,-2.482337589
1470,-2.216128722
1471,-2.458258678
1472,-2.227278454
1473,-2.311932596
1474,-2.437049629
1475,-2.149672814
1476,-2.405813814
1477,-2.184302717
1478,-2.12566789
1479,-2.445499514
1480,-2.583835643
1481,-2.271876323
1482,-2.458893199
1483,-2.144079716
1484,-2.080490726
1485,-2.462605483
1486,-2.144136895
1487,-2.146469969
1488,-2.538816988
1489,-2.05855906
1490,-2.145669767
1491,-2.182094331
1492,-2.48645128
1493,-2.213311407
1494,-2.559385084
1495,-2.222489138
1496,-2.14389166
1497,-2.434199184
1498,-2.187359994
1499,-2.052916453
1500,-2.406572501
1501,-2.086140764
1502,-2.162378225
1503,-2.14543408
1504,-2.16480976
1505,-2.473490214
1506,-2.19536939
1507,-2.473662335
1508,-2.214327741
1509,-2.472598493
1510,-2.463483325
1511,-2.416176362
1512,-2.179570377
1513,-2.160294274
1514,-2.47491966
1515,-2.334992899
1516,-2.086789868
1517,-2.508239178
1518,-2.507835386
1519,-2.134573583
1520,-2.197695035
1521,-2.225640927
1522,-2.455702847
1523,-2.495571021
1524,-2.17149918
1525,-2.499399789
1526,-2.216012106
1527,-2.442627861
1528,-2.50383879
1529,-2.234100449
1530,-2.418064129
1531,-2.118644048
1532,-2.102098105
1533,-2.116714559
1534,-2.108493156
1535,-2.166609941
1536,-2.129122624
1537,-2.158004433
1538,-2.148727012
1539,-2.246640594
1540,-2.469529645
1541,-2.186583076
1542,-2.463294686
1543,-2.039363217
1544,-2.022944005
1545,-2.436671681
1546,-2.175364028
1547,-2.132315018
1548,-2.462032077
1549,-2.473883434
1550,-2.237201121
1551,-2.083408241
1552,-2.149489116
1553,-2.474565974
1554,-2.14355419
1555,-2.142191463
1556,-2.421046762
1557,-2.109996567
1558,-2.175551646
1559,-2.472068068
1560,-2.499762325
1561,-2.271324296
1562,-2.483888478
1563,-2.501575093
1564,-2.235550466
1565,-2.484910409
1566,-2.131120699
1567,-2.471655145
1568,-2.458840524
1569,-2.20196295
1570,-2.478376054
1571,-2.599572568
1572,-2.175498434
1573,-2.49833044
1574,-2.498719824
1575,-2.238143247
1576,-2.498513957
1577,-2.211077195
1578,-2.11661181
1579,-2.441435004
1580,-2.175109124
1581,-2.400153539
1582,-2.270331965
1583,-2.423533821
1584,-2.250839337
1585,-2.176208121
1586,-2.520743843
1587,-2.177478437
1588,-2.498733076
1589,-2.059663085
1590,-2.176629464
1591,-2.369888955
1592,-2.113647682
1593,-2.447968957
1594,-2.14215368
1595,-2.462619875
1596,-2.149090359
1597,-2.501862895
1598,-2.248171947
1599,-2.454517945
1600,-2.162275913
1601,-2.289949146
1602,-2.06661486
1603,-2.54136081
1604,-2.151293944
1605,-2.469970942
1606,-2.240350663
1607,-2.473117978
1608,-2.279789672
1609,-2.220315196
1610,-2.286092939
1611,-2.464436367
1612,-2.265742044
1613,-2.254078965
1614,-2.268759641
1615,-2.489574684
1616,-2.233025927
1617,-2.492104644
1618,-2.113980904
1619,-2.451809192
1620,-2.475107286
1621,-2.324089368
1622,-2.522142905
1623,-2.504817709
1624,-2.499538229
1625,-2.493923155
1626,-2.206084003
1627,-2.493514546
1628,-2.185764265
1629,-2.173124458
1630,-2.2136288
1631,-2.508515583
1632,-2.389132182
1633,-2.301366748
1634,-2.291638542
1635,-2.257567466
1636,-2.452349195
1637,-2.19474826
1638,-2.40759375
1639,-2.09427962
1640,-2.467031692
1641,-2.202298773
1642,-2.497992014
1643,-2.215813789
1644,-2.465122037
1645,-2.472492942
1646,-2.192483207
1647,-2.568190202
1648,-2.262558034
1649,-2.165099884
1650,-2.14550579
1651,-2.130188771
1652,-2.071709686
1653,-2.497370294
1654,-2.201742926
1655,-2.121544244
1656,-2.253849125
1657,-2.45475356
1658,-2.517907314
1659,-2.192068175
1660,-2.429648648
1661,-2.256287147
1662,-2.254545183
1663,-2.42622948
1664,-2.259810708
1665,-2.117456213
1666,-2.099810188
1667,-2.142560192
1668,-2.457242578
1669,-2.538543434
1670,-2.495952296
1671,-2.474964342
1672,-2.234251689
1673,-2.489860483
1674,-2.278149536
1675,-2.460970728
1676,-2.443347486
1677,-2.091729833
1678,-2.172755296
1679,-2.337852955
1680,-2.33380357
1681,-2.55527566
1682,-2.511814225
1683,-2.252676549
1684,-2.496343006
1685,-2.474708149
1686,-2.193413647
1687,-2.121667516
1688,-2.181022931
1689,-2.15651344
1690,-2.519471889
1691,-2.225020503
1692,-2.162442635
1693,-2.216583591
1694,-2.173611923
1695,-2.232837385
1696,-2.133164558
1697,-2.467572363
1698,-2.462229325
1699,-2.50180614
1700,-2.501820505
1701,-2.426893752
1702,-2.520208662
1703,-2.19995747
1704,-2.07482952
1705,-2.387248827
1706,-2.096547699
1707,-2.142928162
1708,-2.259193067
1709,-2.266164158
1710,-2.235910462
1711,-2.503029913
1712,-2.508706222
1713,-2.489857879
1714,-2.116163886
1715,-2.06210036
1716,-2.090122979
1717,-2.056412581
1718,-2.459333883
1719,-2.124934664
1720,-2.455625706
1721,-2.486522247
1722,-2.24781676
1723,-2.348389133
1724,-2.523673582
1725,-2.162551252
1726,-2.004950616
1727,-2.052323007
1728,-2.101397032
1729,-2.242351059
1730,-2.240426178
1731,-2.175944375
1732,-2.500087053
1733,-2.511281883
1734,-2.484146242
1735,-2.453402526
1736,-2.102552516
1737,-2.163739353
1738,-2.480111068
1739,-2.461560732
1740,-2.158911215
1741,-2.165868259
1742,-2.433669211
1743,-2.519165572
1744,-2.285604219
1745,-2.266343073
1746,-2.203810392
1747,-2.179142624
1748,-2.454399905
1749,-2.327276655
1750,-2.466848953
1751,-2.247774255
1752,-2.4646607
1753,-2.257137272
1754,-2.226380377
1755,-2.275210801
1756,-2.486397321
1757,-2.323623815
1758,-2.520167003
1759,-2.29860404
1760,-2.50856617
1761,-2.495603561
1762,-2.591250064
1763,-2.154537003
1764,-2.470504809
1765,-2.506561987
1766,-2.523320194
1767,-2.527922974
1768,-2.501239636
1769,-2.215073148
1770,-2.512523467
1771,-2.350903847
1772,-2.08626864
1773,-2.200245244
1774,-2.502181095
1775,-2.383101467
1776,-2.296179702
1777,-2.357354117
1778,-2.18794923
1779,-2.231422599
1780,-2.494715618
1781,-2.555950444
1782,-2.196776125
1783,-2.531571207
1784,-2.145557025
1785,-2.512281887
1786,-2.521414986
1787,-2.503392433
1788,-2.222587539
1789,-2.502251766
1790,-2.563282882
1791,-2.496709181
1792,-2.126882832
1793,-2.086517554
1794,-2.394957617
1795,-2.232963727
1796,-2.495379068
1797,-2.502191265
1798,-2.450623488
1799,-2.502366639
1800,-2.543439549
1801,-2.121606252
1802,-2.435995484
1803,-2.216764158
1804,-2.440752694
1805,-2.180859611
1806,-2.118874577
1807,-2.57063169
1808,-2.424112026
1809,-2.457447009
1810,-2.203571543
1811,-2.149017002
1812,-2.497354901
1813,-2.250757288
1814,-2.457718
1815,-2.448667345
1816,-2.083588099
1817,-2.163719838
1818,-2.181800367
1819,-2.130097809
1820,-2.431019135
1821,-2.14370587
1822,-2.270238773
1823,-2.49124574
1824,-2.474572738
1825,-2.137039521
1826,-2.131789884
1827,-2.44283161
1828,-2.45068503
1829,-2.454814346
1830,-2.132949645
1831,-2.444381238
1832,-2.43682581
1833,-2.262901691
1834,-2.222501331
1835,-2.197991133
1836,-2.159749728
1837,-2.194757742
1838,-2.480444243
1839,-2.184060129
1840,-2.050872288
1841,-1.988418914
1842,-2.182505822
1843,-2.437195232
1844,-2.59359257
1845,-2.453434007
1846,-2.492179495
1847,-2.461744122
1848,-2.505361643
1849,-2.16494677
1850,-2.116616002
1851,-2.006617196
1852,-2.161883571
1853,-2.195008845
1854,-2.245108364
1855,-2.246282641
1856,-2.25321929
1857,-2.245911321
1858,-2.253511686
1859,-2.462164696
1860,-2.184826834
1861,-2.119905814
1862,-2.423162866
1863,-2.462134866
1864,-2.100075111
1865,-2.532722352
1866,-2.50483428
1867,-2.497513037
1868,-2.135153843
1869,-2.468288724
1870,-2.189865876
1871,-2.253560344
1872,-2.224179292
1873,-2.303189394
1874,-2.479447567
1875,-2.538724094
1876,-2.260328894
1877,-2.328348519
1878,-2.255854651
1879,-2.490263899
1880,-2.244678988
1881,-2.474010909
1882,-2.47881388
1883,-2.475558723
1884,-2.189362127
1885,-2.126443475
1886,-2.193935125
1887,-2.427211026
1888,-2.48361511
1889,-2.112828435
1890,-2.470182604
1891,-2.166251838
1892,-2.292603283
1893,-2.630663544
1894,-2.197941671
1895,-2.44680847
1896,-2.13058498
1897,-2.191306329
1898,-2.288877811
1899,-2.13423762
1900,-2.122764657
1901,-2.206669206
1902,-2.235652213
1903,-2.430449524
1904,-2.158991671
1905,-2.114684841
1906,-2.417197223
1907,-2.237898381
1908,-2.511871566
1909,-2.541297051
1910,-2.217369844
1911,-2.494473401
1912,-2.180390777
1913,-2.097270892
1914,-2.442717319
1915,-2.032930398
1916,-2.072420944
1917,-2.166065774
1918,-2.496145826
1919,-2.421488919
1920,-2.479522421
1921,-2.484736055
1922,-2.256759103
1923,-2.156759263
1924,-2.48134655
1925,-2.207636555
1926,-2.038467582
1927,-2.083177551
1928,-2.199472217
1929,-2.491385896
1930,-2.236546994
1931,-2.464619876
1932,-2.198577013
1933,-2.478227095
1934,-2.164703324
1935,-2.122824976
1936,-2.063394976
1937,-2.459452888
1938,-2.482493424
1939,-2.216559154
1940,-2.137270795
1941,-2.157408766
1942,-2.094437596
1943,-2.132831183
1944,-2.21960475
1945,-2.460247765
1946,-2.225458376
1947,-2.429953402
1948,-2.35044507
1949,-2.513922873
1950,-2.57159584
1951,-2.2077829
1952,-2.468389586
1953,-2.041320637
1954,-2.056765142
1955,-2.104508455
1956,-2.100626186
1957,-2.485507497
1958,-2.494486467
1959,-2.250647307
1960,-2.468231431
1961,-2.479008334
1962,-2.458847219
1963,-2.156923008
1964,-2.436979357
1965,-2.22054442
1966,-2.210367001
1967,-2.499477678
1968,-2.295445466
1969,-2.11440941
1970,-2.197115409
1971,-2.218650581
1972,-2.496872953
1973,-2.113651489
1974,-2.148313958
1975,-2.438848268
1976,-2.49057979
1977,-2.511074643
1978,-2.307891708
1979,-2.432759058
1980,-2.136423639
1981,-2.508112553
1982,-2.508908746
1983,-2.177579731
1984,-2.44561123
1985,-2.53893602
1986,-2.163030621
1987,-2.227413941
1988,-2.50057599
1989,-2.212100956
1990,-2.516517363
1991,-2.510347622
1992,-2.225650111
1993,-2.465204688
1994,-2.14496635
1995,-2.07538049
1996,-2.131823388
1997,-2.473544305
1998,-2.415640619
1999,-2.516216319
2000,-2.309373754